constituentCountry,county,state,city,categoryLabel,displayName,name,englishName,company,link,sourceCity,sourceState,docId,isApproved,isNominee,isFinalist,isWinner,isConfirmedOpen,isIneligible,isPermanentlyIneligible,ineligibilityReason
England,Bedfordshire,,Leighton Buzzard,in-person room,The Great Train Robbery,The Great Train Robbery,,Mimic Escape,https://www.mimicescape.uk/the-great-train-robbery,Leighton Buzzard,,M6DiOxI8bdIYfIcktI7D,2025,2025,,,2025,,,
England,Berkshire,,Newbury,in-person room,Wild Wild West,Wild Wild West,,ExCLUEsive Games,https://www.excluesivegames.co.uk/games,Newbury,,uy6lf2mXIirxfyhZLKn0,2020;2021;2022;2023;2024;2025,2020,,,2021;2022;2023;2024;2025,,,
England,Berkshire,,Reading,in-person room,9-to-5 Assassin,9-to-5 Assassin,,Knockout Escape Rooms,https://knockoutescaperooms.com/9-to-5-assassin/,Reading,,w3vm7S5wKQNoUQ6PRHwU,2020;2021;2022;2023;2024;2025,2020;2021,,,2021;2022;2023;2024;2025,,,
England,Berkshire,,Reading,in-person room,Age of Magic,Age of Magic,,Escape Reading,https://escapereading.co.uk/,Reading,,kdwydPvCp1GGEnUUneYP,2020;2021;2022;2023;2024;2025,2020;2021;2022;2023;2024;2025,2020;2021;2023,,2021;2022;2023;2024;2025,,,
England,Berkshire,,Reading,in-person room,Curiouser and Curiouser,Curiouser and Curiouser,,Evadare / TimeTrap Escape Rooms,https://evadare.co.uk/escape-rooms.html,Bury / Reading,,LHSw6r2n0zGvMykIZbVj,2024;2025,2024,,,2024;2025,,,
England,Berkshire,,Reading,in-person room,Dirty Money,Dirty Money,,Knockout Escape Rooms,https://knockoutescaperooms.com/dirty-money/,Reading,,M7Iym60afJoGNPgTfqPl,2024;2025,2024;2025,,,2024;2025,,,
England,Berkshire,,Reading,company,n/a,n/a,,TimeTrap Escape Rooms,https://www.timetrapescaperooms.com/our-games/,Reading,,28kkuPyETizFOLyngATS,2018,2018,,,,,,
England,Berkshire,,Reading,in-person room,Pudding Lane 1666,Pudding Lane 1666,,Cronologic (UK) / TimeTrap Escape Rooms,https://www.crono-logic.com/rooms/pudding-lane,Plymouth / Reading,,7JtCzZSuI979AcGxyw3W,2020;2021;2022;2023;2024;2025,2020;2021;2022;2023;2024;2025,2020;2021;2023,,2021;2022;2023;2024;2025,,,
England,Berkshire,,Reading,in-person room,The Ram Raid,The Ram Raid,,Escape Reading,https://escapereading.co.uk/,Reading,,ppzhFICrkZdiqaGLW0Ox,2020;2021;2022;2023;2024;2025,2020;2021;2022;2023;2024;2025,2021,,2021;2022;2023;2024;2025,,,
England,Berkshire,,Reading,in-person room,The Reading Witch,The Reading Witch,,Deadlocked Escape Rooms,https://deadlockedrooms.com/reading/,Reading,,tWhaZeVJrwNKbIbK9ntU,2025,2025,2025,,2025,2024,,
England,Berkshire,,Reading,in-person room,The Time Machine,The Time Machine,,Deadlocked Escape Rooms,https://deadlockedrooms.com/reading/,Reading,,YpxtToAzaIYB2yq9NX5L,2020;2021;2022;2023;2024;2025,2020;2021;2022;2023;2025,2020;2021,,2021;2022;2023;2024;2025,,,
England,Bristol,,Bristol,in-person room,Nautilus,Nautilus,,Riddlr,https://riddlr.co.uk/nautilus/,Bristol,,V5fz4nMsT4QbtkAfyZbX,2020;2021;2022;2023;2024;2025,2020;2023;2025,,,2021;2022;2023;2024;2025,,,
England,Bristol,,Bristol,in-person room,Our Finest Hour,Our Finest Hour,,Escape Hunt,https://escapehunt.com/uk/leeds/games/our-finest-hour/,"Brisbane, Australia / Basingstoke / Birmingham / Bristol / Cambridge / Cheltenham / Leeds / Norwich / Watford",,qXr0kYnrsiE7F38iK0lW,2020;2021;2022;2023;2024;2025,2020,,,2021;2022;2023;2024;2025,,,
England,Bristol,,Bristol,in-person room,Séance,Séance,,Riddlr,https://riddlr.co.uk/seance/,Bristol,,VL81PCGxjAGTVNnpxdrE,2020;2021;2022;2023;2024;2025,2020;2021;2022,,,2021;2022;2023;2024;2025,,,
England,Buckinghamshire,,Milton Keynes,in-person room,Escape the R.M.S. Titanic,Escape the R.M.S. Titanic,,Houdini's Escape Room Experience,https://www.houdinisescape.co.uk/escape-from-titanic,Birmingham / Cardiff / Chester / Coventry / Crewe / Dundee / Greenwich / Leeds / Manchester / Milton Keynes / Nottingham / Sheffield / Southampton / Stafford / Swindon / Worcester / York,,XJe6hh9EVQBYzA10bWtx,2019;2020;2021;2018;2022;2023;2024;2025,2019;2020;2021;2018;2022;2023,2020;2021;2022,,2021;2022;2023;2024;2025,,,
England,Buckinghamshire,,Milton Keynes,in-person room,Hut 17,Hut 17,,Cipher Escape Rooms,https://cipherescape.co.uk/,Milton Keynes,,Cy2xkucl7HXx6VOsefAX,2025,2025,,,2025,,,
England,Cambridgeshire,,Cambridge,in-person room,Our Finest Hour,Our Finest Hour,,Escape Hunt,https://escapehunt.com/uk/leeds/games/our-finest-hour/,"Brisbane, Australia / Basingstoke / Birmingham / Bristol / Cambridge / Cheltenham / Leeds / Norwich / Watford",,qXr0kYnrsiE7F38iK0lW,2020;2021;2022;2023;2024;2025,2020,,,2021;2022;2023;2024;2025,,,
England,Cambridgeshire,,Cambridge,in-person room,The Mayan Temple,The Mayan Temple,,Lockhouse Escape Games,https://lockhouse.co.uk/mayan-temple/,Cambridge,,W4lwGVwd1jzVgspfnih0,2025,2025,,,2025,,,
England,Cambridgeshire,,Cambridge,in-person room,Victoria's Christmas Challenge,Victoria's Christmas Challenge,,Exit Rooms,https://exitrooms.co.uk/book/victorias-christmas-challenge/,Cambridge,,pt6Hlr5VWt8qWGNtfnqT,2025,2025,,,2025,,,
England,Cambridgeshire,,Soham,in-person room,The Curse of Captain Kraken,The Curse of Captain Kraken,,PerpleXed Escape Rooms,https://perplexedescaperooms.co.uk/the-curse-of-captain-kraken/,Soham,,3y6vOvPFXgMCWn0FhMkE,2022;2023;2024;2025,2022;2024,,,2022;2023;2024;2025,,,
England,Cambridgeshire,,St Neots,in-person room,Spellbound,Spellbound,,The Escape House,https://www.theescapehouse.co.uk/,St Neots,,vvkWiqwu0YvygMM9Ybcf,2024;2025,2024;2025,,,2024;2025,,,
England,Cambridgeshire,,Whittlesey,in-person room,Heist,Heist,,Escape Coalville (formerly Thinking Outside The Box Escape Rooms),https://escape-coalville.co.uk/rooms,Coalville / Whittlesey,,tSzmNniBsZJAgwYNMqkt,2022;2023;2024;2025,2022;2023,,,2022;2023;2024;2025,,,
England,Cheshire,,Chester,in-person room,Escape the R.M.S. Titanic,Escape the R.M.S. Titanic,,Houdini's Escape Room Experience,https://www.houdinisescape.co.uk/escape-from-titanic,Birmingham / Cardiff / Chester / Coventry / Crewe / Dundee / Greenwich / Leeds / Manchester / Milton Keynes / Nottingham / Sheffield / Southampton / Stafford / Swindon / Worcester / York,,XJe6hh9EVQBYzA10bWtx,2019;2020;2021;2018;2022;2023;2024;2025,2019;2020;2021;2018;2022;2023,2020;2021;2022,,2021;2022;2023;2024;2025,,,
England,Cheshire,,Crewe,in-person room,Escape the R.M.S. Titanic,Escape the R.M.S. Titanic,,Houdini's Escape Room Experience,https://www.houdinisescape.co.uk/escape-from-titanic,Birmingham / Cardiff / Chester / Coventry / Crewe / Dundee / Greenwich / Leeds / Manchester / Milton Keynes / Nottingham / Sheffield / Southampton / Stafford / Swindon / Worcester / York,,XJe6hh9EVQBYzA10bWtx,2019;2020;2021;2018;2022;2023;2024;2025,2019;2020;2021;2018;2022;2023,2020;2021;2022,,2021;2022;2023;2024;2025,,,
England,Cheshire,,Disley,company,n/a,n/a,,Extremescape,https://extremescape.co.uk/,Disley,,mODjPvh2XQvi86HznnSG,2018,2018,,,,,,
England,Cheshire,,Disley,in-person room,Pirate Ship,Pirate Ship,,Extremescape,https://extremescape.co.uk/pirate-ship-2/,Disley,,XBE2U5sk0ZvNy6VAPqfJ,2021;2022;2023;2024;2025,2021,,,2021;2022;2023;2024;2025,,,
England,Cheshire,,Disley,in-person room,The Lost Tomb,The Lost Tomb,,Extremescape,https://extremescape.co.uk/full-width/,Disley,,WCYOgXgQRgQCkQkgVN7f,2019;2020;2021;2018;2022;2023;2024;2025,2019;2020;2021;2018;2022,2019;2021;2018,,2021;2022;2023;2024;2025,,,
England,Cheshire,,Disley,in-person room,Viking,Viking,,Extremescape,https://extremescape.co.uk/viking/,Disley,,lNqxvzvYGY1YZHaUpszF,2019;2020;2021;2022;2023;2024;2025,2019;2020;2021;2022;2023;2024;2025,2019;2020;2021;2022;2023,,2021;2022;2023;2024;2025,,,
England,Cheshire,,Macclesfield,in-person room,Henry Fortune's House of Illusion,Henry Fortune's House of Illusion,,Escape Quest,https://www.escapequest.co.uk/house-of-illusion.html,Macclesfield,,UjbsT8313ne7TPZImxTL,2019;2020;2023;2024;2025,2019;2020;2023;2024;2025,2019;2020;2023;2024,,2023;2024;2025,2021;2022,,
England,Cheshire,,Macclesfield,in-person room,Mr Copplestone's Curiosity Shoppe,Mr Copplestone's Curiosity Shoppe,,Escape Quest,https://www.escapequest.co.uk/mr-copplestones-curiosity-shoppe.html,Macclesfield,,QBlV1DIgjLC8RWdrMvcC,2022;2023;2024;2025,2022;2023;2024;2025,2022;2023;2024;2025,2022;2023,2022;2023;2024;2025,,,
England,Cheshire,,Macclesfield,in-person room,Percy Pendleton's Peculiar Predicament,Percy Pendleton's Peculiar Predicament,,Escape Quest,https://www.escapequest.co.uk/percy-pendletons-peculiar-predicament.html,Macclesfield,,H6FQLDk2t17OWpNGlrza,2022;2023;2024;2025,2022;2023;2024;2025,2023;2024;2025,2023,2022;2023;2024;2025,,,
England,Cheshire,,Macclesfield,in-person room,Titterton's Toffees,Titterton's Toffees,,Escape Quest,https://www.escapequest.co.uk/tittertons-toffees.html,Macclesfield,,Yzfj7ZYv0PvrOcqC08C2,2024;2025,2024;2025,2024,,2024;2025,,,
England,Cornwall,,Truro,in-person room,Fear of the Unknown,Fear of the Unknown,,Enigma Escape Cornwall,https://www.enigmaescapecornwall.co.uk/book-our-rooms/,Truro,,GLxLHYpmgd7WeFaMlICl,2025,2025,,,2025,,,
England,Cumbria,,Workington,in-person room,Casino Heist,Casino Heist,,Lakes Escapes,https://www.lakesescapes.co.uk/rooms/casino-heist/,Workington,,GpNwG4rs31NxzGVrqhRh,2020;2021;2022;2023;2024;2025,2020,,,2021;2022;2023;2024;2025,,,
England,Cumbria,,Workington,in-person room,Diamond Mine,Diamond Mine,,Lakes Escapes,https://www.lakesescapes.co.uk/diamond-mine/,Workington,,kW00RkeqVC0Ah4zdN6fs,2021;2022;2023;2024;2025,2021;2022;2023;2024,,,2022;2023;2024;2025,,,
England,Derbyshire,,Derby,in-person room,Alan,Alan,,Unescapable,https://www.unescapable.co.uk/,Derby,,qbe4j10m82alOJgJ8OSV,2021;2022;2023;2024;2025,2021;2025,,,2021;2022;2023;2024;2025,,,
England,Derbyshire,,Derby,in-person room,Dystopia,Dystopia,,Make Your Escape,https://www.makeyourescapederby.com/,Derby,,IIy0SFOOhrDe4lZTLxtO,2019;2020;2021;2022;2023;2024;2025,2019,,,2021;2022;2023;2024;2025,,,
England,Derbyshire,,Derby,in-person room,Edith,Edith,,Unescapable,https://www.unescapable.co.uk/,Derby,,SX04JcBxycYCk2BpNKWs,2021;2022;2023;2024;2025,2021,,,2021;2022;2023;2024;2025,,,
England,Derbyshire,,Derby,in-person room,Mary,Mary,,Unescapable,https://unescapable.co.uk/,Derby,,IAtSQf3JwmyIATRPlgKw,2020;2021;2022;2023;2024;2025,2020;2025,,,2021;2022;2023;2024;2025,,,
England,Derbyshire,,Derby,in-person room,Spellbound,Spellbound,,Make Your Escape,https://www.makeyourescapederby.com/,Derby,,S77XagFioXlQepF0j5im,2019;2020;2021;2022;2023;2024;2025,2019;2020;2021;2023;2024,2019;2021,,2021;2022;2023;2024;2025,,,
England,Devon,,Plymouth,in-person room,Pudding Lane 1666,Pudding Lane 1666,,Cronologic (UK) / TimeTrap Escape Rooms,https://www.crono-logic.com/rooms/pudding-lane,Plymouth / Reading,,7JtCzZSuI979AcGxyw3W,2020;2021;2022;2023;2024;2025,2020;2021;2022;2023;2024;2025,2020;2021;2023,,2021;2022;2023;2024;2025,,,
England,Devon,,Plymouth,in-person room,The Rubicon,The Rubicon,,Roomsmiths,https://www.roomsmiths.com/escape-experiences,Plymouth,,dBQUOcmv68okfAvm01H4,2025,2025,,,2025,,,
England,Dorset,,Bournemouth,in-person room,M.A.R.V.O. Induction,M.A.R.V.O. Induction,,Marvo Mysteries,https://www.marvomysteries.co.uk/marvo/,Bournemouth,,4xv6E7ptjSJdv5f3iTUD,2019;2020;2021;2018;2022;2023;2024;2025,2019;2020;2021;2018;2022;2023;2024;2025,2019;2018,,2021;2022;2023;2024;2025,,,
England,Dorset,,Bournemouth,company,n/a,n/a,,Marvo Mysteries,https://www.marvomysteries.co.uk/,Bournemouth,,c5ydQZnrJNdL3Zgzd33I,,,,,,2018,,minimum 2 experiences required
England,East Riding of Yorkshire,,Beverley,in-person room,The Goblins of Toadsmead,The Goblins of Toadsmead,,Beverley Breakout,https://beverleybreakout.co.uk/escape-rooms-what-will-you-choose/the-goblins-of-toadsmead/,Beverley,,jNdgai8CPyVZrSCmBnsm,2022;2023;2024;2025,2022;2023;2024;2025,,,2022;2023;2024;2025,,,
England,East Sussex,,Brighton,in-person room,Broken,Broken,,Pier Pressure (formerly Pressure Point Escape Rooms),https://pierpressure.co.uk/escaperooms/broken/,Brighton / Ashford,,RDyOq5tXfdI2olcg9GIl,2020;2021;2022;2023;2024;2025,2020,,,2021;2022;2023;2024;2025,,,
England,East Sussex,,Brighton,in-person room,Judgement D.A.V.E.,Judgement D.A.V.E.,,Bewilder Box,https://bewilderbox.co.uk/,Brighton,,lvrAlLpq58q1dTemBmsF,2019;2020;2021;2018;2022;2023;2024;2025,2019;2020;2021;2018;2023,,,2021;2022;2023;2024;2025,,,
England,East Sussex,,Brighton,in-person room,Loot the Lanes,Loot the Lanes,,Pier Pressure,https://pierpressure.co.uk/escaperooms/loot-the-lanes/,Brighton,,deH09zWtcM2PEyQQN5Af,2019;2020;2021;2022;2023;2024;2025,2019;2020;2021;2022;2023;2024;2025,2019;2020;2021;2022;2023;2024,,2021;2022;2023;2024;2025,,,
England,East Sussex,,Brighton,in-person room,Modrophenia,Modrophenia,,Pier Pressure,https://pierpressure.co.uk/escaperooms/modrophenia/,Brighton,,renyQRD3RhljcpjxsY54,2019;2020;2021;2022;2023;2024;2025,2019;2021;2022,,,2021;2022;2023;2024;2025,,,
England,East Sussex,,Brighton,company,n/a,n/a,,Bewilder Box,https://bewilderbox.co.uk/,Brighton,,VGsp9AL3U6rDhsJLkfra,2018,2018,,,,,,
England,East Sussex,,Brighton,in-person room,Raver Quest,Raver Quest,,Pier Pressure,https://pierpressure.co.uk/escape-room/raver-quest/,Brighton,,thJ3eNVSkwDpi1BqSuoe,2022;2023;2024;2025,2022,,,2022;2023;2024;2025,,,
England,East Sussex,,Brighton,online room,Wizards Against Lizards,Wizards Against Lizards,,Cosmic Joke Productions,https://www.wizardsagainstlizards.com/,Brighton,,wAn4hxkBv7iSQiyjgDiQ,2021,2021,,,2021,,,
England,East Sussex,,Crowborough,in-person room,Into The Reliquary,Into The Reliquary,,Dark Master Escape Rooms,https://darkmaster.co.uk/into-the-reliquary-escape-room/,Crowborough,,nFMaaL26PFkZC7Qtwfmo,2021;2022;2023;2024;2025,2021;2022;2023;2024;2025,2021;2022,,2021;2022;2023;2024;2025,,,
England,East Sussex,,Crowborough,in-person room,OneWing Airlines,OneWing Airlines,,Dark Master Escape Rooms,https://darkmaster.co.uk/onewing-airlines-escape-room/,Crowborough,,DQaFQ4RJ8dZe4Fpc321c,2022;2023;2024;2025,2022;2023;2024;2025,,,2022;2023;2024;2025,,,
England,East Sussex,,Crowborough,in-person room,Shamley's Toy Makers,Shamley's Toy Makers,,Dark Master Escape Rooms,https://darkmaster.co.uk/shamleys-escape-room/,Crowborough,,OHJfLjEJBe8sKntqCKGp,2022;2023;2024;2025,2022;2023,,,2022;2023;2024;2025,,,
England,Essex,,Billericay,in-person room,Blood Over Baker Street,Blood Over Baker Street,,Hackers,https://www.hackers.club/adventure-rooms/,Billericay,,V2wz1dYdDOXTZlPEVhjz,2022;2023;2024;2025,2022;2023;2024;2025,,,2022;2023;2024;2025,,,
England,Essex,,Colchester,in-person room,Pathogen,Pathogen,,Doomsday Games,https://www.doomsdayescapegame.co.uk/pathogen,Colchester,,DHOGOQDkXJRqhnd5FYdL,2021;2022;2023;2024;2025,2021;2025,,,2021;2022;2023;2024;2025,,,
England,Gloucestershire,,Cheltenham,in-person room,Our Finest Hour,Our Finest Hour,,Escape Hunt,https://escapehunt.com/uk/leeds/games/our-finest-hour/,"Brisbane, Australia / Basingstoke / Birmingham / Bristol / Cambridge / Cheltenham / Leeds / Norwich / Watford",,qXr0kYnrsiE7F38iK0lW,2020;2021;2022;2023;2024;2025,2020,,,2021;2022;2023;2024;2025,,,
England,Gloucestershire,,Tewkesbury,in-person room,The Escape Room Cottage,The Escape Room Cottage,,The Escape Room Cottage,https://escaperoomcottage.com,Tewkesbury,,ux09HMKcUFMiATCLPL25,2024;2025,2024;2025,,,2024;2025,,,
England,Greater London,,Croydon,in-person room,Silence is a Virtue,Silence is a Virtue,,Exciting Escapes,https://excitingescapes.co.uk/locations/croydon/tickets/,Croydon / Southampton,,c9EN75sK7eY82uaSvdW6,2021;2022;2023;2024;2025,2021,,,2021;2022;2023;2024;2025,,,
England,Greater London,,Eltham,in-person room,The Temple of the Forbidden Idol,The Temple of the Forbidden Idol,,Chronos One Escape Rooms (formerly Eltham Escape Rooms),https://www.chronosoneescaperooms.com/Eltham/The-Temple-of-The-Forbidden-Idol/,Eltham,,moPk8TkdOQwxx8F6jeLv,2022;2023;2024;2025,2022,,,2022;2023;2024;2025,,,
England,Greater London,,Greenwich,in-person room,Escape the R.M.S. Titanic,Escape the R.M.S. Titanic,,Houdini's Escape Room Experience,https://www.houdinisescape.co.uk/escape-from-titanic,Birmingham / Cardiff / Chester / Coventry / Crewe / Dundee / Greenwich / Leeds / Manchester / Milton Keynes / Nottingham / Sheffield / Southampton / Stafford / Swindon / Worcester / York,,XJe6hh9EVQBYzA10bWtx,2019;2020;2021;2018;2022;2023;2024;2025,2019;2020;2021;2018;2022;2023,2020;2021;2022,,2021;2022;2023;2024;2025,,,
England,Greater London,,Kingston,in-person room,Rob the Bank,Rob the Bank,,Kingston Escape Rooms,https://www.kingstonescaperooms.co.uk/rob-the-bank/,Kingston,,4fsWuhIvub4sipHheS7b,2025,2025,,,2025,,,
England,Greater London,,London,online room,Agent Venture Mission One: The Heist,Agent Venture Mission One: The Heist,,The Adventure Is Real,https://www.agentventure.com/mission-one-the-heist,London,,7nJozZMZSMi9hQRueoXl,2020;2021,2020;2021,2020;2021,,2021,,,
England,Greater London,,London,online room,Agent Venture Mission Three: B.A.D Side of the Moon,Agent Venture Mission Three: B.A.D Side of the Moon,,The Adventure Is Real,https://www.agentventure.com/mission-three-bad-side-of-the-moon,London,,VFwy187A8MuEeXBToDK4,2020;2021,2020;2021,2020;2021,2020,2021,,,
England,Greater London,,London,online room,Agent Venture Mission Two: Cyborg Island,Agent Venture Mission Two: Cyborg Island,,The Adventure Is Real,https://www.agentventure.com/mission-two-cyborg-island,London,,EyfIsu2kRwWr0RaCuKgJ,2020;2021,2020;2021,2020,,2021,,,
England,Greater London,,London,in-person room,cQ ORIGENES,cQ ORIGENES,,clueQuest,https://cluequest.co.uk/escape-room-missions/cq-origenes,London,,AKYXv47yMX0nCtbsu2Yi,2019;2020;2021;2022;2023;2024;2025,2019;2020;2021;2022;2023;2024;2025,2019;2020;2021;2022;2023,,2021;2022;2023;2024;2025,,,
England,Greater London,,London,online room,Jacobe Castle,Jacobe Castle,,Castle Crusaders,https://www.castlecrusaders.com/,London,,NvDv81LKQjomm7YqFDf0,2021,2021,,,2021,,,
England,Greater London,,London,in-person room,Lucid Labs,Lucid Labs,,Dreamcat,https://dreamcatcher-puzzle.gitlab.io/lucid-labs/,London,,VhU9e52pkvShGSdNIV7H,2025,2025,,,2025,,,
England,Greater London,,London,online room,Mind Heist,Mind Heist,,Agent November,https://www.agentnovember.co.uk/onlinemissions,London,,4A2vQSlwdEyiUoFjXNMU,2021,2021,,,2021,,,
England,Greater London,,London,company,n/a,n/a,,Archimedes Inspiration,https://www.aiescape.com/,London,,9PYrzZB20WwiC0sJOXWo,2018,2018,2018,,,,,
England,Greater London,,London,company,n/a,n/a,,clueQuest,https://cluequest.co.uk/,London,,6Bfq41bILEiW7y1UEaJg,2018,2018,2018,,,,,
England,Greater London,,London,company,n/a,n/a,,The Crystal Maze,https://the-crystal-maze.com/,London,,qnVdlYH1kngzOGweaNLg,,,,,,2018,,minimum 2 experiences required
England,Greater London,,London,company,n/a,n/a,,Time Run,https://time-run.sketchanet.com/,London,,oHqVtWPXzSuLVi9kIxCf,2018,2018,2018,2018,,,,
England,Greater London,,London,in-person room,Open House,Open House,,ScreamWorks,https://www.screamworks.london/event-template/open-house/,London,,hqGmI9BMcUDqplzkicqV,2025,2025,,,2025,,,
England,Greater London,,London,in-person room,Operation BlackSheep,Operation BlackSheep,,clueQuest,https://cluequest.co.uk/escape-room-missions/operation-blacksheep,London,,4NAMLuIQVmkqy8SqMNCr,2018;2022;2023;2024;2025,2018;2022,,,2022;2023;2024;2025,,,
England,Greater London,,London,online room,Plymouth Point,Plymouth Point,,Swamp Motel,https://swampmotel.co.uk/live/#plymouth-point,London,,ySsoUNwmDmoeR3E1Rwfc,2020;2021,2020;2021,,,2021,,,
England,Greater London,,London,in-person room,Poppa Plock's Wonky Workshop,Poppa Plock's Wonky Workshop,,Houdini's Escape Room Experience (formerly Handmade Mysteries),https://www.houdinisescape.co.uk/locations/southampton/poppa-plock-s-wonky-workshop/,Nottingham / Southampton / London,,Oags3GeLh7gHEhKPvZy8,2019;2020;2018;2022;2023;2024;2025,2019;2020;2018;2022,2020;2018,,2022;2023;2024;2025,2021,,
England,Greater London,,London,in-person room,Pushed for Time,Pushed for Time,,Escape Plan,https://escapeplanltd.com/,London,,ye24ivwJfUGO81j7nxSx,2024;2025,2024;2025,,,2024;2025,,,
England,Greater London,,London,in-person room,Revenge of the Sheep,Revenge of the Sheep,,clueQuest,https://cluequest.co.uk/escape-room-missions/revenge-of-the-sheep,London,,VdMHqwmUfSzDI9Jbd808,2019;2020;2021;2018;2022;2023;2024;2025,2019;2020;2021;2018;2022;2023;2025,2020;2021;2018,,2021;2022;2023;2024;2025,,,
England,Greater London,,London,in-person room,Roll Out the Barrel,Roll Out the Barrel,,Escape Plan,https://escapeplanltd.com/,London,,Os5Pxo81BqNc9rqv7DHr,2020;2021;2022;2023;2024;2025,2020;2024;2025,,,2021;2022;2023;2024;2025,,,
England,Greater London,,London,in-person room,Secret Studio,Secret Studio,,Escape in Time (UK),https://www.escapeintime.co.uk/secretstudiolondon/,London,,WZIjQhU1jS2zzs1K4jWG,2019;2020;2021;2022;2023;2024;2025,2019;2020;2021;2022;2023;2024,2019;2021;2022,,2021;2022;2023;2024;2025,,,
England,Greater London,,London,in-person room,Sherlock: The Official Live Game / Sherlock: The Game is Now,Sherlock: The Official Live Game / Sherlock: The Game is Now,,Official Sherlock Escape Rooms (Hartswood Films / Time Run),https://www.sherlockescaperooms.com/,London,,KM9Xr70OJ2qBHJ7NNh9g,2019;2020;2021;2022;2023;2024;2025,2019;2020;2021;2022;2023;2024;2025,2022,,2021;2022;2023;2024;2025,,,
England,Greater London,,London,in-person room,The Adventure Begins,The Adventure Begins,,Escape Plan,https://escapeplanltd.com/,London,,IoI7a67iN8b8ccnepeSL,2024;2025,2024,,,2024;2025,,,
England,Greater London,,London,in-person room,The Battle for Britain,The Battle for Britain,,Escape Plan,https://escapeplanltd.com/,London,,WUkxG5mg4yxaRJn5UIRm,2019;2020;2021;2022;2023;2024;2025,2019;2020;2021;2022;2023;2024;2025,2019;2020;2021;2022;2023;2024;2025,,2021;2022;2023;2024;2025,,,
England,Greater London,,London,in-person room,The Crystal Maze,The Crystal Maze,,The Crystal Maze,https://the-crystal-maze.com/,London / Manchester,,qqyQGeuwEgGNE6z4tPjE,2019;2020;2021;2018;2022;2023;2024;2025,2019;2020;2021;2018;2022;2023;2024;2025,2019;2020;2018,,2021;2022;2023;2024;2025,,,
England,Greater London,,London,in-person room,The Lost Passenger,The Lost Passenger,,Mission: Breakout,https://www.missionbreakout.london/details-room+2+the+lost+passenger-152.html,London,,0Rq0BDfUWSkN6vhzMXeH,2020;2021;2022;2023;2024;2025,2020;2021;2022,,,2021;2022;2023;2024;2025,,,
England,Greater London,,London,in-person room,The Million Pound Heist,The Million Pound Heist,,Enigma Quests,https://enigmaquests.london/escape-rooms/the-million-pound-heist/,London,,oSEhS9zLodhmKInMqNgB,2020;2021;2022;2023;2024;2025,2020;2021,,,2022;2023;2024;2025,,,
England,Greater London,,London,online room,Virtual X-Caper,Virtual X-Caper,,Agent November,https://www.agentnovember.co.uk/onlinemissions,London,,y8lFZsRRj3thFYsKyF86,2020;2021,2020;2021,2020;2021,2020,2021,,,
England,Greater London,,London,in-person room,Wizarding School: Fang of the Serpent,Wizarding School: Fang of the Serpent,,Breakin' Escape Rooms,https://breakinescaperooms.co.uk/,London,,v7EUBXl8Gj8lAYjPWi22,2022;2023;2024;2025,2022;2023,,,2022;2023;2024;2025,,,
England,Greater London,,Wallington,in-person room,Crypt of the Cursed,Crypt of the Cursed,,Escape from the Room,https://www.escapefromtheroom.co.uk/wallington/the-crypt-of-the-cursed-wallington,Wallington,,ItZZMe6k0j76OGggNGey,2023;2024;2025,2023,,,2023;2024;2025,,,
England,Greater London,,West Wickham,in-person room,Feline Fiasco,Feline Fiasco,,Operation Escape (formerly Escape Hub / Real Life Games),https://www.operation-escape.co.uk/ourgames,West Wickham / Maidstone / Ramsgate,,0HrWJcxlesyYOeDUYS0w,2020;2022;2023;2024;2025,2020,,,2022;2023;2024;2025,2021,,
England,Greater London,,West Wickham,in-person room,The Curse of Curawood's Garden,The Curse of Curawood's Garden,,Operation Escape (formerly Escape Hub),https://www.operation-escape.co.uk/ourgames,West Wickham / Maidstone,,F2kGt9leasKuOryYQ0rA,2020;2021;2022;2023;2024;2025,2020;2021,,,2021;2022;2023;2024;2025,,,
England,Greater London,,West Wickham,in-person room,The Peril of Sherwin Hones,The Peril of Sherwin Hones,,Operation Escape (formerly Escape Hub),https://www.operation-escape.co.uk/ourgames,West Wickham / Maidstone,,Xgo1phhEgQ6e9cso4mAX,2021;2022;2023;2024;2025,2021,,,2021;2022;2023;2024;2025,,,
England,Greater Manchester,,Ashton-under-Lyne,online room,The Beast,The Beast,,Emergency Exit,https://e-exit.co.uk/virtual,Ashton-under-Lyne,,xNNmLQA51gK5zHL9ByDQ,2020;2021,2020;2021,2020;2021,2020;2021,2021,,,
England,Greater Manchester,,Ashton-under-Lyne,online room,Virtual Exorcist,Virtual Exorcist,,Emergency Exit,https://e-exit.co.uk/virtual,Ashton-under-Lyne,,KB3injugFHCPWQHlUAt7,2020;2021,2020;2021,2020;2021,2020;2021,2021,,,
England,Greater Manchester,,Bury,in-person room,Curiouser and Curiouser,Curiouser and Curiouser,,Evadare / TimeTrap Escape Rooms,https://evadare.co.uk/escape-rooms.html,Bury / Reading,,LHSw6r2n0zGvMykIZbVj,2024;2025,2024,,,2024;2025,,,
England,Greater Manchester,,Bury,in-person room,Deception,Deception,,Evadare,https://evadare.co.uk/escape-rooms.html,Bury,,TEAepNU2Ov7DQGBs8RHG,2025,2025,,,2025,,,
England,Greater Manchester,,Bury,in-person room,Turd Raiders and the Lost Golden Plunger,Turd Raiders and the Lost Golden Plunger,,Compendium,https://www.compendiumbury.co.uk/our-rooms,Bury,,PR1m8rr9Llrask35vwES,2025,2025,,,2025,,,
England,Greater Manchester,,Bury,in-person room,UI-55,UI-55,,Compendium,https://www.compendiumbury.co.uk/our-rooms,Bury,,1PqLFpXbXSx63JT9ST1Q,2020;2021;2022;2023;2024;2025,2020;2021;2022;2023;2024;2025,2021;2023,,2021;2022;2023;2024;2025,,,
England,Greater Manchester,,Bury,in-person room,Wrong Turn,Wrong Turn,,Compendium,https://www.compendiumbury.co.uk/our-rooms,Bury,,VAAHQUNRuor4XEC0vBaV,2019;2020;2021;2022;2023;2024;2025,2019,,,2021;2022;2023;2024;2025,,,
England,Greater Manchester,,Manchester,in-person room,Escape the R.M.S. Titanic,Escape the R.M.S. Titanic,,Houdini's Escape Room Experience,https://www.houdinisescape.co.uk/escape-from-titanic,Birmingham / Cardiff / Chester / Coventry / Crewe / Dundee / Greenwich / Leeds / Manchester / Milton Keynes / Nottingham / Sheffield / Southampton / Stafford / Swindon / Worcester / York,,XJe6hh9EVQBYzA10bWtx,2019;2020;2021;2018;2022;2023;2024;2025,2019;2020;2021;2018;2022;2023,2020;2021;2022,,2021;2022;2023;2024;2025,,,
England,Greater Manchester,,Manchester,in-person room,The Crystal Maze,The Crystal Maze,,The Crystal Maze,https://the-crystal-maze.com/,London / Manchester,,qqyQGeuwEgGNE6z4tPjE,2019;2020;2021;2018;2022;2023;2024;2025,2019;2020;2021;2018;2022;2023;2024;2025,2019;2020;2018,,2021;2022;2023;2024;2025,,,
England,Greater Manchester,,Manchester,in-person room,The Orphanage,The Orphanage,,Lucardo,https://lucardo.com/manchester/bookings/the-orphanage,Manchester,,d8JBoglmxVGpzdtLMZwU,2022;2023;2024;2025,2022,,,2022;2023;2024;2025,,,
England,Greater Manchester,,Manchester,in-person room,The Prison,The Prison,,Lucardo,https://lucardo.com/manchester/bookings/the-prison,Manchester,,mPjq8YfXRTwZk5w3MM0G,2020;2021;2022;2023;2024;2025,2020;2021,,,2021;2022;2023;2024;2025,,,
England,Greater Manchester,,Wigan,in-person room,Nebula,Nebula,,Adrenaline Escape,https://www.adrenalineescape.co.uk/rooms/,Wigan,,jCpkNjmQ0iWOI552MQTd,2021;2022;2023;2024;2025,2021;2022,,,2021;2022;2023;2024;2025,,,
England,Hampshire,,Basingstoke,in-person room,Our Finest Hour,Our Finest Hour,,Escape Hunt,https://escapehunt.com/uk/leeds/games/our-finest-hour/,"Brisbane, Australia / Basingstoke / Birmingham / Bristol / Cambridge / Cheltenham / Leeds / Norwich / Watford",,qXr0kYnrsiE7F38iK0lW,2020;2021;2022;2023;2024;2025,2020,,,2021;2022;2023;2024;2025,,,
England,Hampshire,,Portsmouth,in-person room,Pub: The Lock Inn,Pub: The Lock Inn,,Other World Escapes,https://www.otherworldescapes.com/location/uk/portsmouth/,Portsmouth,,0f9Y32nF5wYh4vYeMbZS,2020;2021;2022;2023;2024;2025,2020,,,2021;2023;2024;2025,,,
England,Hampshire,,Portsmouth,in-person room,The Journey to Xibalba,The Journey to Xibalba,,Other World Escapes,https://otherworldescapes.com/game/the-journey-to-xibalba/,Portsmouth,,MkSta9cvBR5TnRiubePL,2023;2024;2025,2023,,,2023;2024;2025,,,
England,Hampshire,,Southampton,in-person room,Escape the R.M.S. Titanic,Escape the R.M.S. Titanic,,Houdini's Escape Room Experience,https://www.houdinisescape.co.uk/escape-from-titanic,Birmingham / Cardiff / Chester / Coventry / Crewe / Dundee / Greenwich / Leeds / Manchester / Milton Keynes / Nottingham / Sheffield / Southampton / Stafford / Swindon / Worcester / York,,XJe6hh9EVQBYzA10bWtx,2019;2020;2021;2018;2022;2023;2024;2025,2019;2020;2021;2018;2022;2023,2020;2021;2022,,2021;2022;2023;2024;2025,,,
England,Hampshire,,Southampton,in-person room,Extinct - Escape from Jurassic Island,Extinct - Escape from Jurassic Island,,Houdini's Escape Room Experience,https://www.houdinisescape.co.uk/extinct,Nottingham / Southampton,,A4KRpB41opPWYyLoX5ZR,2020;2021;2022;2023;2024;2025,2020;2021;2022;2023;2024,2020;2021,,2021;2022;2023;2024;2025,,,
England,Hampshire,,Southampton,in-person room,Poppa Plock's Wonky Workshop,Poppa Plock's Wonky Workshop,,Houdini's Escape Room Experience (formerly Handmade Mysteries),https://www.houdinisescape.co.uk/locations/southampton/poppa-plock-s-wonky-workshop/,Nottingham / Southampton / London,,Oags3GeLh7gHEhKPvZy8,2019;2020;2018;2022;2023;2024;2025,2019;2020;2018;2022,2020;2018,,2022;2023;2024;2025,2021,,
England,Hampshire,,Southampton,in-person room,Seven Sins,Seven Sins,,Elusion,https://www.elusionrooms.com/seven-sins,Southampton,,2KGwge1kZyD2oX8JZZ6w,2021;2022;2023;2024;2025,2021,,,2021;2022;2023;2024;2025,,,
England,Hampshire,,Southampton,in-person room,Silence is a Virtue,Silence is a Virtue,,Exciting Escapes,https://excitingescapes.co.uk/locations/croydon/tickets/,Croydon / Southampton,,c9EN75sK7eY82uaSvdW6,2021;2022;2023;2024;2025,2021,,,2021;2022;2023;2024;2025,,,
England,Hertfordshire,,Letchworth Garden City,in-person room,Mobbery!,Mobbery!,,Agent Brains,https://www.agentbrains.co.uk/,Letchworth Garden City,,kl0SL99jJmv12DBdDdju,2024;2025,2024;2025,,,2024;2025,,,
England,Hertfordshire,,Watford,in-person room,Our Finest Hour,Our Finest Hour,,Escape Hunt,https://escapehunt.com/uk/leeds/games/our-finest-hour/,"Brisbane, Australia / Basingstoke / Birmingham / Bristol / Cambridge / Cheltenham / Leeds / Norwich / Watford",,qXr0kYnrsiE7F38iK0lW,2020;2021;2022;2023;2024;2025,2020,,,2021;2022;2023;2024;2025,,,
England,Kent,,Ashford,in-person room,Broken,Broken,,Pier Pressure (formerly Pressure Point Escape Rooms),https://pierpressure.co.uk/escaperooms/broken/,Brighton / Ashford,,RDyOq5tXfdI2olcg9GIl,2020;2021;2022;2023;2024;2025,2020,,,2021;2022;2023;2024;2025,,,
England,Kent,,Canterbury,in-person room,Magna Carta Murder,Magna Carta Murder,,Escape in the Towers,https://www.onepoundlane.co.uk/escape,Canterbury,,SSOXbmfQCnOo5X9I0nu6,2022;2023;2024;2025,2022,,,2022;2023;2024;2025,,,
England,Kent,,Canterbury,in-person room,The Asylum,The Asylum,,Escape Kent,https://escapekent.com/games/,Canterbury,,RFW6GqPmfGsCnw8L5qZK,2022;2023;2024;2025,2022,,,2022;2023;2024;2025,,,
England,Kent,,Canterbury,in-person room,The Comms Room,The Comms Room,,Escape in the Towers,https://www.onepoundlane.co.uk/escape,Canterbury,,XUdrCUfXaEQFZJiAXGOa,2019;2020;2021;2022;2023;2024;2025,2019;2020;2021;2022;2023;2024;2025,2020;2021;2022,,2021;2022;2023;2024;2025,,,
England,Kent,,Chatham,in-person room,Citizen Erased,Citizen Erased,,Hysteria Escape Rooms,https://hysteriaescaperooms.com/our-games/,Chatham,,fmhi57ZjmRK5syKzWtjZ,2021;2022;2023;2024;2025,2021,,,2021;2022;2023;2024;2025,,,
England,Kent,,Chatham,in-person room,The Basement,The Basement,,Unsolved Mysteries,https://unsolvedmysteriesescaperooms.com/the_basement/,Chatham,,zXlWkbAsnJ8GK3evapBv,2024;2025,2024;2025,,,2024;2025,,,
England,Kent,,Chatham,in-person room,The Cabin,The Cabin,,Unsolved Mysteries,https://unsolvedmysteriesescaperooms.com/the_cabin/,Chatham,,YKEnYq9iFc6oMEABfWPK,2022;2023;2024;2025,2022;2023;2024;2025,,,2022;2023;2024;2025,,,
England,Kent,,Gillingham,in-person room,Raiders of the Lost Galleon,Raiders of the Lost Galleon,,Mythologic Escape Rooms,https://mythologicescaperooms.co.uk/escape-rooms/raiders-of-the-lost-galleon/,Gillingham,,A5EEzFawq8ppHnbr1E1d,2025,2025,,,2025,,,
England,Kent,,Gravesend,company,n/a,n/a,,The Panic Room,https://thepanicroom.net/,Gravesend,,59HIn9TzYCEPidHmhTB4,2018,2018,,,,,,
England,Kent,,Gravesend,in-person room,The Happy Institute,The Happy Institute,,The Panic Room,https://thepanicroom.net/the-happy-institute,Gravesend,,4MlPvat3bT8hSQBgSSEH,2019;2020;2022;2023;2024;2025,2019,,,2022;2023;2024;2025,2021,,
England,Kent,,Gravesend,in-person room,Wizard of Oz,Wizard of Oz,,The Panic Room,https://thepanicroom.net/wizard-of-oz,Gravesend,,obgjgk7BDa0nJSMA85cm,2020;2021;2022;2023;2024;2025,2020;2021,,,2021;2022;2023;2024;2025,,,
England,Kent,,Maidstone,in-person room,Feline Fiasco,Feline Fiasco,,Operation Escape (formerly Escape Hub / Real Life Games),https://www.operation-escape.co.uk/ourgames,West Wickham / Maidstone / Ramsgate,,0HrWJcxlesyYOeDUYS0w,2020;2022;2023;2024;2025,2020,,,2022;2023;2024;2025,2021,,
England,Kent,,Maidstone,in-person room,The Curse of Curawood's Garden,The Curse of Curawood's Garden,,Operation Escape (formerly Escape Hub),https://www.operation-escape.co.uk/ourgames,West Wickham / Maidstone,,F2kGt9leasKuOryYQ0rA,2020;2021;2022;2023;2024;2025,2020;2021,,,2021;2022;2023;2024;2025,,,
England,Kent,,Maidstone,in-person room,The Peril of Sherwin Hones,The Peril of Sherwin Hones,,Operation Escape (formerly Escape Hub),https://www.operation-escape.co.uk/ourgames,West Wickham / Maidstone,,Xgo1phhEgQ6e9cso4mAX,2021;2022;2023;2024;2025,2021,,,2021;2022;2023;2024;2025,,,
England,Kent,,Margate,in-person room,Detention,Detention,,Ctrl Alt Esc,https://www.ctrlaltesc.co.uk/,Margate,,uhyfrv72o1qNt3maccNw,2020;2021;2022;2023;2024;2025,2020;2021;2022,2020,,2021;2022;2023;2024;2025,,,
England,Kent,,Margate,company,n/a,n/a,,The Escapement,https://escapementmargate.co.uk/,Margate,,DX5zaE8lMepAjD3wdb71,2018,2018,,,,,,
England,Kent,,Margate,in-person room,Pirates of Polaris,Pirates of Polaris,,The Escapement (UK),https://www.escapementmargate.co.uk/rooms-lists,Margate,,dfRG9VF72U4hWrfBEb4F,2019;2020;2021;2022;2023;2024;2025,2019;2020;2021;2022,2019;2020;2021,,2021;2022;2023;2024;2025,,,
England,Kent,,Margate,in-person room,The Pit,The Pit,,The Escapement (UK),https://www.escapementmargate.co.uk/rooms-lists,Margate,,b8d9Jons3cJtTehmxG0l,2019;2020;2021;2018;2022;2023;2024;2025,2019;2020;2021;2018;2022;2023;2024;2025,2019;2020;2021;2022;2023;2024,,2021;2022;2023;2024;2025,,,
England,Kent,,Paddock Wood,in-person room,Agent 101,Agent 101,,TimeQuest,https://www.timequest.net/agent-101,Paddock Wood,,XkqGyEPJeJE73tZ8RkeH,2021;2022;2023;2024;2025,2021,,,2021;2022;2023;2024;2025,,,
England,Kent,,Paddock Wood,in-person room,Lab 42: Part 1 of The Helix Project,Lab 42: Part 1 of The Helix Project,,TimeQuest,https://www.timequest.net/lab42,Paddock Wood,,yoSTG9Ko0Gh1fJoCLVpy,2024;2025,2024,,,2024;2025,,,
England,Kent,,Paddock Wood,in-person room,Reset,Reset,,TimeQuest,https://www.timequest.net/reset,Paddock Wood,,nSo296XA7KnyT3gyhCRV,2021;2022;2023;2024;2025,2021,,,2021;2022;2023;2024;2025,,,
England,Kent,,Ramsgate,in-person room,Feline Fiasco,Feline Fiasco,,Operation Escape (formerly Escape Hub / Real Life Games),https://www.operation-escape.co.uk/ourgames,West Wickham / Maidstone / Ramsgate,,0HrWJcxlesyYOeDUYS0w,2020;2022;2023;2024;2025,2020,,,2022;2023;2024;2025,2021,,
England,Kent,,Tunbridge Wells,in-person room,Mega Bite,Mega Bite,,Clue Cracker,https://cluecrackergames.co.uk/room/mega-bite/,Tunbridge Wells,,crCB6QFMwvWWITla45SS,2023;2024;2025,2023;2024;2025,,,2023;2024;2025,,,
England,Kent,,Tunbridge Wells,in-person room,Temple Quest,Temple Quest,,Clue Cracker,https://cluecrackergames.co.uk/room/temple-quest/,Tunbridge Wells,,32h36IT34fPU7Q8hZG7d,2021;2022;2023;2024;2025,2021;2022;2023;2024,2021;2022,,2021;2022;2023;2024;2025,,,
England,Kent,,Tunbridge Wells,in-person room,The Diamond Dogs,The Diamond Dogs,,Clue Cracker,https://cluecrackergames.co.uk/room/the-diamond-dogs/,Tunbridge Wells,,hmgIEzX0MbZ7wNKUuOzm,2020;2021;2022;2023;2024;2025,2020;2021;2022;2023;2024;2025,2021;2023,,2021;2022;2023;2024;2025,,,
England,Lancashire,,Rawtenstall,in-person room,University of Magic: Dragon's Heart,University of Magic: Dragon's Heart,,Lucardo,https://lucardo.com/rawtenstall/bookings/dragons-heart,Rawtenstall,,GGnCmZqUzDn54W2Xncoe,2019;2020;2021;2022;2023;2024;2025,2019;2020;2021;2022;2023;2024,2019;2020,,2021;2022;2023;2024;2025,,,
England,Leicestershire,,Coalville,in-person room,Heist,Heist,,Escape Coalville (formerly Thinking Outside The Box Escape Rooms),https://escape-coalville.co.uk/rooms,Coalville / Whittlesey,,tSzmNniBsZJAgwYNMqkt,2022;2023;2024;2025,2022;2023,,,2022;2023;2024;2025,,,
England,Leicestershire,,Leicester,in-person room,Chronos,Chronos,,Escapologic,https://www.escapologic.com/nottingham-escape-rooms/chronos/,Nottingham / Leicester,,RrgI6IikV9fpwPULFyPO,2019;2020;2021;2022;2023;2024;2025,2019;2020;2021;2022;2023,,,2021;2022;2023;2024;2025,,,
England,Leicestershire,,Leicester,company,n/a,n/a,,Escapologic,https://www.escapologic.com/,Leicester / Nottingham,,SZzgawSJm9xhtr3CxIaX,2018,2018,2018,,,,,
England,Leicestershire,,Loughborough,in-person room,The Enchanted Forest,The Enchanted Forest,,Break Escape,https://breakescape.co.uk/loughborough/enchanted-forest,Loughborough,,DJzlI79SywXnXcKtZ0BT,2019;2020;2021;2022;2023;2024;2025,2019;2020;2021;2022,2021,,2021;2022;2023;2024;2025,,,
England,Lincolnshire,,Grimsby,in-person room,Red Rock Reloaded,Red Rock Reloaded,,Mission Classified,https://missionclassified.co.uk/escape-rooms,Grimsby,,eRrdpuEKla5ozbHNMiUp,2025,2025,,,2025,,,
England,Merseyside,,Liverpool,in-person room,Peaky Blinders: Double Cross,Peaky Blinders: Double Cross,,Escape Live,https://www.escapelive.co.uk/escape-room/peaky-blinders-double-cross/,Birmingham / Liverpool,,9uVU2wGIFQdSzUZCkFXC,2020;2021;2022;2023;2024;2025,2020,,,2021;2022;2023;2024;2025,,,
England,Merseyside,,Liverpool,in-person room,Wee W.I.L.L.I.E WinKey,Wee W.I.L.L.I.E WinKey,,The Escaporium,https://theescaporium.com/liverpool/wee-willie-winkey,Liverpool,,M5XLMWBOeZG3lIO6OYAE,2025,2025,,,2025,,,
England,Merseyside,,Wirral,in-person room,The Jurassic Factor,The Jurassic Factor,,West Kirby Escape Room,https://www.westkirbyescaperoom.co.uk/,Wirral,,sE3hDzWaUVLpdtCnalVF,2025,2025,,,2025,,,
England,Norfolk,,Norwich,in-person room,Our Finest Hour,Our Finest Hour,,Escape Hunt,https://escapehunt.com/uk/leeds/games/our-finest-hour/,"Brisbane, Australia / Basingstoke / Birmingham / Bristol / Cambridge / Cheltenham / Leeds / Norwich / Watford",,qXr0kYnrsiE7F38iK0lW,2020;2021;2022;2023;2024;2025,2020,,,2021;2022;2023;2024;2025,,,
England,Norfolk,,Norwich,online room,The Keeper and the Fungus Among Us,The Keeper and the Fungus Among Us,,Headlock Escape Rooms,https://headlockescaperooms.co.uk/,Norwich,,6TrvSVXcIXL4JrFryNu7,2021,2021,2021,2021,2021,,,
England,North Yorkshire,,York,in-person room,Escape the R.M.S. Titanic,Escape the R.M.S. Titanic,,Houdini's Escape Room Experience,https://www.houdinisescape.co.uk/escape-from-titanic,Birmingham / Cardiff / Chester / Coventry / Crewe / Dundee / Greenwich / Leeds / Manchester / Milton Keynes / Nottingham / Sheffield / Southampton / Stafford / Swindon / Worcester / York,,XJe6hh9EVQBYzA10bWtx,2019;2020;2021;2018;2022;2023;2024;2025,2019;2020;2021;2018;2022;2023,2020;2021;2022,,2021;2022;2023;2024;2025,,,
England,Northamptonshire,,Rushden,in-person room,The Guardian of the Gallery,The Guardian of the Gallery,,Rushden Escape Rooms (formerly Want to Escape),https://www.rushdenescaperooms.co.uk/escape-rooms/guardian-of-the-gallery,Rushden,,MlZiy15QSv3PDUJU6kv0,2020;2021;2022;2023;2024;2025,2020;2021;2022,2021,,2021;2022;2023;2024;2025,,,
England,Nottinghamshire,,Nottingham,in-person room,Butcher,Butcher,,Escapologic,https://www.escapologic.com/nottingham-escape-rooms/butcher/,Nottingham,,GZtt3zw1qlDwxTapL32T,2019;2020;2021;2022;2023;2024;2025,2019;2020;2025,,,2021;2022;2023;2024;2025,,,
England,Nottinghamshire,,Nottingham,in-person room,Carfax,Carfax,,Cave Escape,https://www.caveescape.co.uk/carfax-escape-room,Nottingham,,9VZQqlevizR0tQ5WvRfy,2019;2020;2021;2022;2023;2024;2025,2019;2020;2021;2022,2019,,2021;2022;2023;2024;2025,,,
England,Nottinghamshire,,Nottingham,in-person room,Chronos,Chronos,,Escapologic,https://www.escapologic.com/nottingham-escape-rooms/chronos/,Nottingham / Leicester,,RrgI6IikV9fpwPULFyPO,2019;2020;2021;2022;2023;2024;2025,2019;2020;2021;2022;2023,,,2021;2022;2023;2024;2025,,,
England,Nottinghamshire,,Nottingham,in-person room,Curio,Curio,,Escapologic,https://www.escapologic.com/nottingham-escape-rooms/curio/,Nottingham,,YzsNYM8N1nOZRTpdAGD2,2019;2020;2021;2018;2022;2023;2024;2025,2019;2020;2021;2018;2022;2023;2024;2025,2019;2020;2021;2018,,2021;2022;2023;2024;2025,,,
England,Nottinghamshire,,Nottingham,in-person room,Daylight Robbery,Daylight Robbery,,Cryptology,https://cryptologyrooms.co.uk/nottingham/robbery,Nottingham,,u3GfaGjPOkBreo5ySDB1,2020;2021;2022;2023;2024;2025,2020;2021;2022;2023;2024;2025,2020;2021;2022;2023;2024,,2021;2022;2023;2024;2025,,,
England,Nottinghamshire,,Nottingham,in-person room,Dreamscape,Dreamscape,,Cryptology,https://cryptologyrooms.co.uk/nottingham/dreamscape,Nottingham,,zKkM4eRyAi6u2G20CUrU,2019;2020;2021;2022;2023;2024;2025,2019;2020;2021;2022,2021,,2021;2022;2023;2024;2025,,,
England,Nottinghamshire,,Nottingham,in-person room,Escape the R.M.S. Titanic,Escape the R.M.S. Titanic,,Houdini's Escape Room Experience,https://www.houdinisescape.co.uk/escape-from-titanic,Birmingham / Cardiff / Chester / Coventry / Crewe / Dundee / Greenwich / Leeds / Manchester / Milton Keynes / Nottingham / Sheffield / Southampton / Stafford / Swindon / Worcester / York,,XJe6hh9EVQBYzA10bWtx,2019;2020;2021;2018;2022;2023;2024;2025,2019;2020;2021;2018;2022;2023,2020;2021;2022,,2021;2022;2023;2024;2025,,,
England,Nottinghamshire,,Nottingham,in-person room,Extinct - Escape from Jurassic Island,Extinct - Escape from Jurassic Island,,Houdini's Escape Room Experience,https://www.houdinisescape.co.uk/extinct,Nottingham / Southampton,,A4KRpB41opPWYyLoX5ZR,2020;2021;2022;2023;2024;2025,2020;2021;2022;2023;2024,2020;2021,,2021;2022;2023;2024;2025,,,
England,Nottinghamshire,,Nottingham,in-person room,Heistakes,Heistakes,,Escapologic,https://www.escapologic.com/nottingham-escape-rooms/heistakes/,Nottingham,,Sv6ipghovFks3ccOF0Oo,2021;2022;2023;2024;2025,2021,,,2021;2022;2023;2024;2025,,,
England,Nottinghamshire,,Nottingham,in-person room,Howitz,Howitz,,Escapologic,https://www.escapologic.com/nottingham-escape-rooms/howitz/,Nottingham,,u32tm6VIiItZl1EFXBfm,2019;2020;2021;2022;2023;2024;2025,2019;2020;2021;2022,2021,,2021;2022;2023;2025,,,
England,Nottinghamshire,,Nottingham,in-person room,Immaterium,Immaterium,,Escapologic,https://www.escapologic.com/nottingham-escape-rooms/immaterium/,Nottingham,,bXPrBbhdTPG7hiW2O1i8,2020;2021;2022;2023;2024;2025,2020;2021;2025,,,2021;2022;2023;2024;2025,,,
England,Nottinghamshire,,Nottingham,online room,Immaterium (Online Avatar Room),Immaterium (Online Avatar Room),,Escapologic,https://www.escapologic.com/nottingham-escape-rooms/immaterium/,Nottingham,,T4gX8RByiqRJqoWg6l5A,2021,2021,2021,2021,2021,,,
England,Nottinghamshire,,Nottingham,in-person room,Monuments,Monuments,,Cave Escape,https://www.caveescape.co.uk/monuments,Nottingham,,cCEw2fC08i5lpckSQQsx,2020;2021;2022;2023;2024;2025,2020;2021;2022;2023;2024;2025,2021;2022;2023,,2021;2022;2023;2024;2025,,,
England,Nottinghamshire,,Nottingham,company,n/a,n/a,,Escapologic,https://www.escapologic.com/,Leicester / Nottingham,,SZzgawSJm9xhtr3CxIaX,2018,2018,2018,,,,,
England,Nottinghamshire,,Nottingham,in-person room,Poppa Plock's Wonky Workshop,Poppa Plock's Wonky Workshop,,Houdini's Escape Room Experience (formerly Handmade Mysteries),https://www.houdinisescape.co.uk/locations/southampton/poppa-plock-s-wonky-workshop/,Nottingham / Southampton / London,,Oags3GeLh7gHEhKPvZy8,2019;2020;2018;2022;2023;2024;2025,2019;2020;2018;2022,2020;2018,,2022;2023;2024;2025,2021,,
England,Nottinghamshire,,Nottingham,in-person room,Robin of Lockskey,Robin of Lockskey,,Escapologic,https://www.escapologic.com/nottingham-escape-rooms/robin-of-lockskey/,Nottingham,,GlQyeeMHEhxH5vTDfML1,2020;2021;2022;2023;2024;2025,2020;2021;2022;2023;2024,,,2021;2022;2023;2025,,,
England,Shropshire,,Shrewsbury,in-person room,The Shrewsbury Express,The Shrewsbury Express,,Level Up Escapes,https://levelupescapes.com/escape-room/the-shrewsbury-express/,Shrewsbury,,DUMW1fRKXKFxyzDepGvq,2025,2025,,,2025,,,
England,Shropshire,,Telford,in-person room,Battleships,Battleships,,Xscape Now,https://xscapenow.co.uk/battleships/,Telford,,N9ZyFoT1NYeIxFWXEFIg,2025,2025,,,2025,,,
England,Shropshire,,Telford,in-person room,Oz,Oz,,Xscape Now,https://xscapenow.co.uk/oz-escape-room/,Telford,,Vi3NFpPk43qkjSPK97zK,2023;2024;2025,2023;2024;2025,,,2023;2024;2025,,,
England,Shropshire,,Telford,in-person room,Runaway Train,Runaway Train,,Xscape Now,https://xscapenow.co.uk/runaway-train/,Telford,,n3fsZr2nivqvFmuq5Xzr,2024;2025,2024;2025,,,2024;2025,,,
England,Shropshire,,Telford,in-person room,Step Into Wonderland,Step Into Wonderland,,Xscape Now,https://xscapenow.co.uk/wonderland-escape-room/,Telford,,qAvCz9z31MC7FU8PwZpO,2024;2025,2024;2025,,,2024;2025,,,
England,Shropshire,,Telford,in-person room,The Creep,The Creep,,Clockwork Escapes,https://www.clockworkescapes.co.uk/rooms/the-creep/,Telford,,Pg4KORQh3GvNg5K6P91j,2023;2024;2025,2023;2024;2025,,,2023;2024;2025,,,
England,Shropshire,,Telford,in-person room,The Legend of Foole's Gold,The Legend of Foole's Gold,,Clockwork Escapes,https://www.clockworkescapes.co.uk/rooms/fooles-gold/,Telford,,wNylpgTps87LpoKyFgMW,2022;2023;2024;2025,2022,,,2022;2023;2024;2025,,,
England,Somerset,,Somerton,in-person room,Captain Riddle's Forgotten Fortune,Captain Riddle's Forgotten Fortune,,Clue HQ,https://cluehq.co.uk/birmingham/escape-games/,Birmingham / Somerton,,fiG2G42EsZhStoKWDYgJ,2021;2022;2023;2024;2025,2021;2022,,,2021;2022;2023;2024;2025,,,
England,South Yorkshire,,Sheffield,in-person room,Afterlife,Afterlife,,Cryptology,https://cryptologyrooms.co.uk/sheffield/afterlife,Sheffield,,sndVIMWEddldZCw01n6B,2021;2022;2023;2024;2025,2021;2022;2024,,,2021;2022;2023;2024;2025,,,
England,South Yorkshire,,Sheffield,in-person room,Escape the R.M.S. Titanic,Escape the R.M.S. Titanic,,Houdini's Escape Room Experience,https://www.houdinisescape.co.uk/escape-from-titanic,Birmingham / Cardiff / Chester / Coventry / Crewe / Dundee / Greenwich / Leeds / Manchester / Milton Keynes / Nottingham / Sheffield / Southampton / Stafford / Swindon / Worcester / York,,XJe6hh9EVQBYzA10bWtx,2019;2020;2021;2018;2022;2023;2024;2025,2019;2020;2021;2018;2022;2023,2020;2021;2022,,2021;2022;2023;2024;2025,,,
England,South Yorkshire,,Sheffield,in-person room,Mutiny,Mutiny,,The Lockup Escape Rooms,https://thelockupescaperooms.co.uk/escape-room/mutiny/,Sheffield,,QWZE2DwHEfSst7Xc9MOs,2025,2025,,,2025,,,
England,Staffordshire,,Stafford,in-person room,Escape the R.M.S. Titanic,Escape the R.M.S. Titanic,,Houdini's Escape Room Experience,https://www.houdinisescape.co.uk/escape-from-titanic,Birmingham / Cardiff / Chester / Coventry / Crewe / Dundee / Greenwich / Leeds / Manchester / Milton Keynes / Nottingham / Sheffield / Southampton / Stafford / Swindon / Worcester / York,,XJe6hh9EVQBYzA10bWtx,2019;2020;2021;2018;2022;2023;2024;2025,2019;2020;2021;2018;2022;2023,2020;2021;2022,,2021;2022;2023;2024;2025,,,
England,Staffordshire,,Stafford,in-person room,Incognito's Secret Lair,Incognito's Secret Lair,,Escape Nation,https://www.escapenation.co.uk/incognitossecretlair,Stafford,,8FEGt1j4crWmocjWdaLh,2023;2024;2025,2023;2025,,,2023;2024;2025,,,
England,Staffordshire,,Stafford,in-person room,The Citadel,The Citadel,,Escape Nation,https://www.escapenation.co.uk/thecitadel,Stafford,,bW3hFivg4i7uM1SxRZlI,2021;2022;2023;2024;2025,2021,2021,,2021;2022;2023;2024;2025,,,
England,Suffolk,,Kenny Hill,in-person room,The Jungle,The Jungle,,Escape Rooms Suffolk,https://www.escape-rooms-suffolk.co.uk/,Kenny Hill,,TQUoU5Lr9fi2Xdp21ez7,2024;2025,2024;2025,,,2024;2025,,,
England,Suffolk,,Sudbury,in-person room,Castaway,Castaway,,EO Escape Rooms,https://www.eo-escape.co.uk/,Sudbury,,Wt1tQ3RCGBhD6TJ2sbmS,2024;2025,2024,,,2024;2025,,,
England,Suffolk,,Sudbury,in-person room,"Eerie Motel, California","Eerie Motel, California",,Sudbury Escape Rooms (Know Escape),https://www.sudburyescaperooms.uk/eerie-motel-california/,Sudbury,,Ijm8kdCKw1VYicYqEdaz,2022;2023;2024;2025,2022,,,2022;2023;2024;2025,,,
England,Suffolk,,Sudbury,in-person room,Scary Tale,Scary Tale,,EO Escape Rooms,https://www.eo-escape.co.uk/,Sudbury,,H15M8Jn68eRBimeLqJr2,2023;2024;2025,2023;2024,,,2023;2024;2025,,,
England,Suffolk,,Sudbury,in-person room,The Keyper's Secret,The Keyper's Secret,,EO Escape Rooms,https://www.eo-escape.co.uk/,Sudbury,,qNm04fkg89PlEdSP1gYN,2024;2025,2024;2025,,,2024;2025,,,
England,Surrey,,Epsom,in-person room,Chambers of Champions,Chambers of Champions,,Escape from the Room,https://www.escapefromtheroom.co.uk/epsom-town-centre-and-cheam/chambers-of-champions,Epsom,,Y2ZP9o4H70eGFWrJHxNV,2022;2023;2024;2025,2022,,,2022;2023;2024;2025,,,
England,Surrey,,Epsom,in-person room,The Mixed-Up Mind of Mr Crabheal,The Mixed-Up Mind of Mr Crabheal,,Escape from the Room,https://www.escapefromtheroom.co.uk/epsom-town-centre-and-cheam/the-mixed-up-mind-of-mr-crabheal,Epsom,,bSFP6RbX2dsSfedYJWZ7,2022;2023;2024;2025,2022;2023;2024;2025,2022;2023,,2022;2023;2024;2025,,,
England,Surrey,,Guildford,in-person room,Venus,Venus,,Paradox Parlours,https://paradoxparlours.com/escape-rooms/guildford#venus,Guildford,,q1c4Jg7JboS5wHYDM4Uf,2020;2021;2022;2023;2024;2025,2020;2021,,,2021;2022;2023;2024;2025,,,
England,Tyne and Wear,,Newcastle upon Tyne,in-person room,ElectriCity,ElectriCity,,The Escape Key Newcastle,https://www.escape-key.co.uk/electricity-escape-room,Newcastle upon Tyne,,c9VDVKsVE0PrJkl0wq66,2020;2021;2022;2023;2024;2025,2020;2021,,,2021;2022;2023;2024;2025,,,
England,Tyne and Wear,,Newcastle upon Tyne,in-person room,Fiorella's Cave,Fiorella's Cave,,Exit Newcastle,https://exit-newcastle.co.uk/the-games/fiorellas-cave/,Newcastle upon Tyne,,zwlxiLuEAknCPFXKBmlH,2020;2021;2022;2023;2024;2025,2020,,,2021;2022;2023;2024;2025,,,
England,Tyne and Wear,,Newcastle upon Tyne,in-person room,The Heist,The Heist,,Exit Newcastle,https://exit-newcastle.co.uk/the-games/the-heist/,Newcastle upon Tyne,,9QnCrN3wdfQkJn9ceBXX,2024;2025,2024;2025,,,2024;2025,,,
England,Tyne and Wear,,Sunderland,in-person room,The Box,The Box,,The Strategy,https://the-strategy.co.uk/the-games/,Sunderland,,NmX2C0jIpFhOJUsjiy0d,2025,2025,,,2025,,,
England,Warwickshire,,Hatton,in-person room,Mutiny,Mutiny,,Tulleys Escape Rooms,https://tulleysescape.com/escape-rooms/mutiny,Crawley / Hatton,,YVK4FErmvXGDDj7RFPfb,2019;2020;2021;2018;2022;2023;2024;2025,2019;2020;2021;2018;2022;2023,2019;2020;2018,,2021;2022;2023;2024;2025,,,
England,West Midlands,,Birmingham,in-person room,Captain Riddle's Forgotten Fortune,Captain Riddle's Forgotten Fortune,,Clue HQ,https://cluehq.co.uk/birmingham/escape-games/,Birmingham / Somerton,,fiG2G42EsZhStoKWDYgJ,2021;2022;2023;2024;2025,2021;2022,,,2021;2022;2023;2024;2025,,,
England,West Midlands,,Birmingham,in-person room,Escape the R.M.S. Titanic,Escape the R.M.S. Titanic,,Houdini's Escape Room Experience,https://www.houdinisescape.co.uk/escape-from-titanic,Birmingham / Cardiff / Chester / Coventry / Crewe / Dundee / Greenwich / Leeds / Manchester / Milton Keynes / Nottingham / Sheffield / Southampton / Stafford / Swindon / Worcester / York,,XJe6hh9EVQBYzA10bWtx,2019;2020;2021;2018;2022;2023;2024;2025,2019;2020;2021;2018;2022;2023,2020;2021;2022,,2021;2022;2023;2024;2025,,,
England,West Midlands,,Birmingham,in-person room,Labyrinth: Lord Barrington's Folly,Labyrinth: Lord Barrington's Folly,,Escape Brum,https://www.escapebrum.com/labyrinth.html,Birmingham,,QObitS9AEi8hEPSKwZ9I,2023;2024;2025,2023;2024;2025,,,2023;2024;2025,,,
England,West Midlands,,Birmingham,in-person room,Our Finest Hour,Our Finest Hour,,Escape Hunt,https://escapehunt.com/uk/leeds/games/our-finest-hour/,"Brisbane, Australia / Basingstoke / Birmingham / Bristol / Cambridge / Cheltenham / Leeds / Norwich / Watford",,qXr0kYnrsiE7F38iK0lW,2020;2021;2022;2023;2024;2025,2020,,,2021;2022;2023;2024;2025,,,
England,West Midlands,,Birmingham,in-person room,Peaky Blinders: Double Cross,Peaky Blinders: Double Cross,,Escape Live,https://www.escapelive.co.uk/escape-room/peaky-blinders-double-cross/,Birmingham / Liverpool,,9uVU2wGIFQdSzUZCkFXC,2020;2021;2022;2023;2024;2025,2020,,,2021;2022;2023;2024;2025,,,
England,West Midlands,,Birmingham,in-person room,The Hellevator,The Hellevator,,Clue HQ,https://cluehq.co.uk/birmingham/escape-games/,Birmingham,,VkzOrSfphwfKeSjIpYbE,2020;2021;2022;2023;2024;2025,2020;2021,,,2021;2022;2023;2024;2025,,,
England,West Midlands,,Birmingham,in-person room,The Legend of Miyalock: Forbidden Magic,The Legend of Miyalock: Forbidden Magic,,Clue HQ,https://cluehq.co.uk/birmingham/escape-games/,Birmingham,,guv85yvO7cdYI08rm04L,2021;2022;2023;2024;2025,2021;2022;2023;2024,2021,,2021;2022;2023;2024;2025,,,
England,West Midlands,,Coventry,in-person room,Escape the R.M.S. Titanic,Escape the R.M.S. Titanic,,Houdini's Escape Room Experience,https://www.houdinisescape.co.uk/escape-from-titanic,Birmingham / Cardiff / Chester / Coventry / Crewe / Dundee / Greenwich / Leeds / Manchester / Milton Keynes / Nottingham / Sheffield / Southampton / Stafford / Swindon / Worcester / York,,XJe6hh9EVQBYzA10bWtx,2019;2020;2021;2018;2022;2023;2024;2025,2019;2020;2021;2018;2022;2023,2020;2021;2022,,2021;2022;2023;2024;2025,,,
England,West Sussex,,Crawley,in-person room,Dodge City,Dodge City,,Tulleys Escape Rooms,https://tulleysescape.com/escape-rooms/dodge-city,Crawley,,3TWljGMbWfWFe5uwNyYM,2019;2020;2021;2022;2023;2024;2025,2019;2020;2021;2022;2023;2024;2025,2020;2021;2022,,2021;2022;2023;2024;2025,,,
England,West Sussex,,Crawley,in-person room,Mutiny,Mutiny,,Tulleys Escape Rooms,https://tulleysescape.com/escape-rooms/mutiny,Crawley / Hatton,,YVK4FErmvXGDDj7RFPfb,2019;2020;2021;2018;2022;2023;2024;2025,2019;2020;2021;2018;2022;2023,2019;2020;2018,,2021;2022;2023;2024;2025,,,
England,West Sussex,,Crawley,company,n/a,n/a,,Tulleys Escape Rooms,https://www.tulleysescape.com/,Crawley,,uy2hczFGKCMsC0nl4lDy,2018,2018,2018,,,,,
England,West Sussex,,Crawley,in-person room,Nethercott Manor,Nethercott Manor,,Tulleys Escape Rooms,https://tulleysescape.com/escape-rooms/nethercott-manor,Crawley,,tvLFCXrf49bumfEHYHlr,2019;2020;2021;2022;2023;2024;2025,2019;2020;2021;2022;2023;2024;2025,2019;2020;2021;2022;2023,,2021;2022;2023;2024;2025,,,
England,West Sussex,,Crawley,in-person room,Questionable Ethics,Questionable Ethics,,Hounds Escape Game Experiences,https://www.houndsescape.co.uk/questionable-ethics,Crawley,,V6HNgiv1tslNrF5Hxdil,2020;2021;2022;2023;2024;2025,2020;2021;2023;2024;2025,,,2021;2022;2023;2024;2025,,,
England,West Sussex,,Crawley,in-person room,Southern Dis-Comfort,Southern Dis-Comfort,,Hounds Escape Game Experiences,https://www.houndsescape.co.uk/southern-discomfort,Crawley,,KsAw9tHSmFOBUHxFwhcq,2021;2022;2023;2024;2025,2021;2022;2023;2024;2025,2022;2023,,2021;2022;2023;2024;2025,,,
England,West Sussex,,Crawley,in-person room,SpellCraft,SpellCraft,,Tulleys Escape Rooms,https://tulleysescape.com/escape-rooms/spellcraft,Crawley,,7BkPKRw7Iiz1C8dLFbMS,2021;2022;2023;2024;2025,2021;2022;2023;2024;2025,2021;2022;2023;2024,,2021;2022;2023;2024;2025,,,
England,West Sussex,,Crawley,in-person room,The Acid Bath Murderer,The Acid Bath Murderer,,Hounds Escape Game Experiences,https://www.houndsescape.co.uk/the-acid-bath-murderer-experience,Crawley,,J7x55vsYk3831jKTndzt,2025,2025,,,2025,,,
England,West Sussex,,Crawley,in-person room,The Explorer's Diary,The Explorer's Diary,,Hounds Escape Game Experiences,https://www.houndsescape.co.uk/the-explorers-diary,Crawley,,ImM6KDAxQvVK6xy4SljR,2022;2023;2024;2025,2022;2023;2024;2025,2023;2024,,2022;2023;2024;2025,,,
England,West Sussex,,Worthing,in-person room,Smuggler's Ruin,Smuggler's Ruin,,Mindworks Escape Rooms,https://www.mindworks-escaperooms.co.uk/smugglersruin,Worthing,,vVWH2ohmRThnX72odGYY,2021;2022;2023;2024;2025,2021,,,2021;2022;2023;2024;2025,,,
England,West Sussex,,Worthing,in-person room,Trapped for Cash,Trapped for Cash,,Mindworks Escape Rooms,https://www.mindworks-escaperooms.co.uk/trappedforcash,Worthing,,v6fMf206vz42vQpl02dr,2024;2025,2024;2025,2025,,2024;2025,,,
England,West Yorkshire,,Brighouse,in-person room,Operation Clearsafe,Operation Clearsafe,,Project Breakout,https://projectbreakout.co.uk/escape-rooms/,Brighouse,,ZSisNzvbgF0rS0PpdqA0,2019;2020;2021;2022;2023;2024;2025,2019;2020;2021,2019,,2021;2022;2023;2024;2025,,,
England,West Yorkshire,,Halifax,in-person room,Area 51½,Area 51½,,The Escaporium,https://theescaporium.com/halifax-mill/area-51%C2%BD,Halifax,,dGJTvzBT7gsUhm1CcJlH,2023;2024;2025,2023;2024;2025,2023;2024,,2023;2024;2025,,,
England,West Yorkshire,,Halifax,in-person room,Crux Codicillus,Crux Codicillus,,The Escaporium,https://theescaporium.com/halifax-piece-hall/crux-codicillus,Halifax,,cb0Rnw5yyNQHjy1jcCt9,2019;2020;2021;2018;2022;2023;2024;2025,2019;2020;2021;2018,2019,,2021;2022;2023;2024;2025,,,
England,West Yorkshire,,Huddersfield,in-person room,Cabin in the Woods,Cabin in the Woods,,Stuck in the Riddle,https://www.stuckintheriddle.com/cabin-in-the-woods/,Huddersfield,,6ZihTDpyfwqnNhD3IAVP,2025,2025,,,2025,,,
England,West Yorkshire,,Huddersfield,in-person room,TestRun,TestRun,,Stuck in the Riddle,https://www.stuckintheriddle.com/testrun/,Huddersfield,,GdeYEx6jmso7L9PRCpYW,2023;2024;2025,2023;2024;2025,,,2023;2024;2025,,,
England,West Yorkshire,,Leeds,in-person room,Escape the R.M.S. Titanic,Escape the R.M.S. Titanic,,Houdini's Escape Room Experience,https://www.houdinisescape.co.uk/escape-from-titanic,Birmingham / Cardiff / Chester / Coventry / Crewe / Dundee / Greenwich / Leeds / Manchester / Milton Keynes / Nottingham / Sheffield / Southampton / Stafford / Swindon / Worcester / York,,XJe6hh9EVQBYzA10bWtx,2019;2020;2021;2018;2022;2023;2024;2025,2019;2020;2021;2018;2022;2023,2020;2021;2022,,2021;2022;2023;2024;2025,,,
England,West Yorkshire,,Leeds,in-person room,Our Finest Hour,Our Finest Hour,,Escape Hunt,https://escapehunt.com/uk/leeds/games/our-finest-hour/,"Brisbane, Australia / Basingstoke / Birmingham / Bristol / Cambridge / Cheltenham / Leeds / Norwich / Watford",,qXr0kYnrsiE7F38iK0lW,2020;2021;2022;2023;2024;2025,2020,,,2021;2022;2023;2024;2025,,,
England,West Yorkshire,,Pontefract,in-person room,Escape from Oz,Escape from Oz,,Enigma Rooms (UK),https://enigmarooms.co.uk/escape-rooms-pontefract/,Pontefract,,ec0Y6BzGRoUZ0T40jaiP,2025,2025,,,2025,,,
England,West Yorkshire,,Wakefield,in-person room,Grimm Up North,Grimm Up North,,Enigma Rooms (UK),https://enigmarooms.co.uk/escape-rooms-wakefield/grimm-up-north/,Wakefield,,lJsoomZAO8yGulKHdK5A,2025,2025,,,2025,,,
England,West Yorkshire,,Wakefield,in-person room,Outatime,Outatime,,Escapable,https://www.escapable.co.uk/the-rooms,Wakefield,,uqmjbUHJFcmWM7FA6XOg,2022;2023;2024;2025,2022;2023;2024;2025,,,2022;2023;2024;2025,,,
England,West Yorkshire,,Wakefield,in-person room,Seance,Seance,,Enigma Rooms (UK),https://enigmarooms.co.uk/escape-rooms-wakefield/seance-escape-room/,Wakefield,,Z0JTBepBOG8qQQYo5pbg,2025,2025,,,2025,,,
England,West Yorkshire,,Wakefield,in-person room,The Great Loudini (Live Magic & Puzzles Edition),The Great Loudini (Live Magic & Puzzles Edition),,Escapable,https://www.escapable.co.uk/loudini-live,Wakefield,,zDvoG5G58NZ0NxG0HTTO,2023;2024;2025,2023;2024;2025,2023;2024;2025,,2023;2024;2025,,,
England,West Yorkshire,,Wakefield,in-person room,The Great Loudini (Puzzles Edition),The Great Loudini (Puzzles Edition),,Escapable,https://www.escapable.co.uk/the-rooms,Wakefield,,VDOO9pVWXseinaR1TSom,2024;2025,,,,2024;2025,,,
England,West Yorkshire,,Wetherby,in-person room,Follow in My Footsteps,Follow in My Footsteps,,Kanyu,https://www.kanyu.co.uk/follow-in-my-footsteps/,Wetherby,,POtfLh5vfJxMmlBHDiuj,2019;2020;2021;2022;2023;2024;2025,2019,2019,,2021;2022;2023;2024;2025,,,
England,Wiltshire,,Swindon,in-person room,Escape the R.M.S. Titanic,Escape the R.M.S. Titanic,,Houdini's Escape Room Experience,https://www.houdinisescape.co.uk/escape-from-titanic,Birmingham / Cardiff / Chester / Coventry / Crewe / Dundee / Greenwich / Leeds / Manchester / Milton Keynes / Nottingham / Sheffield / Southampton / Stafford / Swindon / Worcester / York,,XJe6hh9EVQBYzA10bWtx,2019;2020;2021;2018;2022;2023;2024;2025,2019;2020;2021;2018;2022;2023,2020;2021;2022,,2021;2022;2023;2024;2025,,,
England,Wiltshire,,Swindon,in-person room,Sub Terra,Sub Terra,,Co-Decode,https://co-decode.co.uk/sub-terra/,Swindon,,YmOUoFEQgNpRRPuCdMuF,2020;2021;2022;2023;2025,2020;2021;2022;2023,2020;2021,,2021;2022;2023;2025,2024,,closed in 2023 for relocation
England,Worcestershire,,Worcester,in-person room,Escape the R.M.S. Titanic,Escape the R.M.S. Titanic,,Houdini's Escape Room Experience,https://www.houdinisescape.co.uk/escape-from-titanic,Birmingham / Cardiff / Chester / Coventry / Crewe / Dundee / Greenwich / Leeds / Manchester / Milton Keynes / Nottingham / Sheffield / Southampton / Stafford / Swindon / Worcester / York,,XJe6hh9EVQBYzA10bWtx,2019;2020;2021;2018;2022;2023;2024;2025,2019;2020;2021;2018;2022;2023,2020;2021;2022,,2021;2022;2023;2024;2025,,,
Northern Ireland,County Antrim,,Belfast,in-person room,Dream House 2.0,Dream House 2.0,,Forbidden Quest,https://www.forbiddenquest.com/pages/dream-house,Belfast,,qCHPMkFV6H532RJ2akiy,2024;2025,2024,,,2024;2025,,,
Northern Ireland,County Antrim,,Belfast,in-person room,Time to Float,Time to Float,,Forbidden Quest,https://www.forbiddenquest.com/pages/time-to-float-coming-september-2023,Belfast,,NSeIjj6XVJFww5hrBAsl,2025,2025,,,2025,,,
Scotland,Argyll and Bute,,Inveraray,in-person room,The Debtors of 1850,The Debtors of 1850,,Inveraray Jail,https://www.inverarayjail.co.uk/escaperoom/,Inveraray,,ZXXFxjXmmca1QkindNfw,2024;2025,2024,,,2024;2025,,,
Scotland,City of Edinburgh,,Edinburgh,company,n/a,n/a,,Locked in Edinburgh,https://www.lockedinedinburgh.com/,Edinburgh,,q29mjyxJvKjdTc7ngoyV,2018,2018,2018,,,,,
Scotland,City of Edinburgh,,Edinburgh,in-person room,Operation Odyssey,Operation Odyssey,,Can You Escape,https://www.canyouescape.co.uk/edinburgh/,Edinburgh,,5DjQKH8KX48IG6iuG6sq,2019;2020;2021;2022;2023;2024;2025,2019,,,2021;2022;2023;2024;2025,,,
Scotland,City of Edinburgh,,Edinburgh,in-person room,Radio Nowhere,Radio Nowhere,,Case Closed,https://www.caseclosededinburgh.co.uk/,Edinburgh,,9RNWhq32ZbI7rLOQ0jDK,2024;2025,2024;2025,,,2024;2025,,,
Scotland,City of Edinburgh,,Edinburgh,in-person room,The Cutting Room,The Cutting Room,,Locked in Edinburgh,https://www.lockedinedinburgh.com/games/#the-cutting-room,Edinburgh,,hTM4TnNmAp8oTE5M2ktd,2019;2020;2021;2018;2022;2023;2024;2025,2019;2020;2021;2018;2022;2023,2019;2020;2018,,2021;2022;2023;2024;2025,,,
Scotland,City of Edinburgh,,Edinburgh,in-person room,The Murder of Max Sinclair / Case Closed,The Murder of Max Sinclair / Case Closed,,Case Closed,https://www.caseclosededinburgh.co.uk/,Edinburgh,,rct7OR78rqkWQPyXaC0O,2023;2024;2025,2023;2024;2025,2024;2025,,2023;2024;2025,,,
Scotland,City of Edinburgh,,Edinburgh,in-person room,The Secret Lab,The Secret Lab,,Locked in Edinburgh,https://www.lockedinedinburgh.com/games/#the-secret-lab,Edinburgh,,zF7LUhelnU4XB7N6gkvs,2019;2020;2021;2018;2022;2023;2024;2025,2019;2020;2021;2018;2022;2023;2024;2025,2019;2020;2018,2018,2021;2022;2023;2024;2025,,,
Scotland,Dundee City,,Dundee,in-person room,Escape the R.M.S. Titanic,Escape the R.M.S. Titanic,,Houdini's Escape Room Experience,https://www.houdinisescape.co.uk/escape-from-titanic,Birmingham / Cardiff / Chester / Coventry / Crewe / Dundee / Greenwich / Leeds / Manchester / Milton Keynes / Nottingham / Sheffield / Southampton / Stafford / Swindon / Worcester / York,,XJe6hh9EVQBYzA10bWtx,2019;2020;2021;2018;2022;2023;2024;2025,2019;2020;2021;2018;2022;2023,2020;2021;2022,,2021;2022;2023;2024;2025,,,
Scotland,Glasgow City,,Glasgow,in-person room,Bloodline,Bloodline,,Locked In Glasgow,https://escaperoomglasgow.com/room/bloodline/,Glasgow,,ptMHsqUZBx96qatKCOTr,2022;2023;2024;2025,2022;2023;2024;2025,,,2022;2023;2024;2025,,,
Scotland,Glasgow City,,Glasgow,in-person room,Glasgow School of Magic,Glasgow School of Magic,,Locked In Glasgow,https://escaperoomglasgow.com/room/glasgow-school-of-magic/,Glasgow,,rcLzVLoOCaY6I3QO8Ido,2019;2020;2021;2022;2023;2024;2025,2019;2020;2021;2025,,,2021;2022;2023;2024;2025,,,
Scotland,Glasgow City,,Glasgow,in-person room,Magician's Heist,Magician's Heist,,Eeek! Escape Rooms,https://www.eeekescaperooms.com/escape-games/,Glasgow,,rE51XKQa15cyYUay38ej,2023;2024;2025,2023,,,2023;2024;2025,,,
Scotland,Glasgow City,,Glasgow,in-person room,Star Crew,Star Crew,,Escape Reality Glasgow,https://www.escapereality.com/our-games/game-summary/starcrew/,Glasgow,,AW0rL0CmRnr1eAT2TH1P,2024;2025,2024,,,2024;2025,,,
Scotland,Glasgow City,,Glasgow,in-person room,The Surgery,The Surgery,,Locked In Glasgow,https://escaperoomglasgow.com/room/the-surgery/,Glasgow,,z9XPzZracsr0TigiDOKt,2019;2020;2021;2022;2023;2024;2025,2019;2020;2021;2022;2023,,,2021;2022;2023;2024;2025,,,
Wales,Cardiff,,Cardiff,in-person room,Escape the R.M.S. Titanic,Escape the R.M.S. Titanic,,Houdini's Escape Room Experience,https://www.houdinisescape.co.uk/escape-from-titanic,Birmingham / Cardiff / Chester / Coventry / Crewe / Dundee / Greenwich / Leeds / Manchester / Milton Keynes / Nottingham / Sheffield / Southampton / Stafford / Swindon / Worcester / York,,XJe6hh9EVQBYzA10bWtx,2019;2020;2021;2018;2022;2023;2024;2025,2019;2020;2021;2018;2022;2023,2020;2021;2022,,2021;2022;2023;2024;2025,,,
Wales,Cardiff,,Cardiff,in-person room,The 13th Floor,The 13th Floor,,Escape Rooms Cardiff,https://www.escaperoomscardiff.co.uk/the-13th-floor/,Cardiff,,JsKqc4ffYYP8cgKCSgDu,2024;2025,2024,,,2024;2025,,,
Wales,Cardiff,,Cardiff,in-person room,The Great Escape,The Great Escape,,Exitus Escape Rooms (UK),https://www.exitusescaperoomscardiff.co.uk/the-great-escape,Cardiff,,n6wg0JnAoSkyrKayozVo,2024;2025,2024,,,2024;2025,,,
Wales,Powys,,Llanfyllin,in-person room,Escape from the Cursed Galleon,Escape from the Cursed Galleon,,Roomination,https://www.roomination.co.uk/product/escape-from-the-cursed-galleon/,Llanfyllin,,SxOjtJuDFuWfOdcpRnN4,2024;2025,2024;2025,,,2024;2025,,,
